{
  "time": null,
  "type": 1,
  "user": 1716929114,
  "tweet_id": "politifact13468",
  "id": 5731498908,
  "children": [
    {
      "time": 1479238992,
      "type": 2,
      "user": 8467701024,
      "tweet_id": 798612332859375617,
      "bot_score": null,
      "id": 1193052042
    },
    {
      "time": 1479239036,
      "type": 2,
      "user": 3814364939,
      "tweet_id": 798612518759436288,
      "bot_score": 0.032398754737074244,
      "id": 3912512477,
      "children": [
        {
          "time": 1479264383,
          "type": 3,
          "user": 3084014578,
          "tweet_id": 798613134453805056,
          "bot_score": 0.10328573467123618,
          "id": 4139014415
        },
        {
          "time": 1479264387,
          "type": 3,
          "user": 1196688808,
          "tweet_id": 798613150190813185,
          "bot_score": 0.10328573467123618,
          "id": 3605366089
        },
        {
          "time": 1479264397,
          "type": 3,
          "user": 7058172029,
          "tweet_id": 798613193488797696,
          "bot_score": 0.07651310672792835,
          "id": 8604427590
        },
        {
          "time": 1479264400,
          "type": 3,
          "user": 1862362973,
          "tweet_id": 798613204095991808,
          "bot_score": 0.023518771605329593,
          "id": 2186802190
        },
        {
          "time": 1479264404,
          "type": 3,
          "user": 3805260995,
          "tweet_id": 798613221167034368,
          "bot_score": 0.09590276214117437,
          "id": 7207234031
        },
        {
          "time": 1479264406,
          "type": 3,
          "user": 8882382218,
          "tweet_id": 798613231493206016,
          "bot_score": 0.4540057291614072,
          "id": 8715629277
        },
        {
          "time": 1479264407,
          "type": 3,
          "user": 1004641021,
          "tweet_id": 798613236891418624,
          "bot_score": 0.11956986651967942,
          "id": 2263421081
        },
        {
          "time": 1479264409,
          "type": 3,
          "user": 3625596416,
          "tweet_id": 798613242423611392,
          "bot_score": 0.14812070832967303,
          "id": 6496544227
        },
        {
          "time": 1479264423,
          "type": 3,
          "user": 8332752073,
          "tweet_id": 798613304105111552,
          "bot_score": 0.0825396626774012,
          "id": 3813880108
        },
        {
          "time": 1479264425,
          "type": 3,
          "user": 4768959340,
          "tweet_id": 798613312552521728,
          "bot_score": 0.08899515596679244,
          "id": 2722190087
        },
        {
          "time": 1479264457,
          "type": 3,
          "user": 4967725235,
          "tweet_id": 798613443167170563,
          "bot_score": 0.26734400306340506,
          "id": 1797427898
        },
        {
          "time": 1479264491,
          "type": 3,
          "user": 5505084571,
          "tweet_id": 798613588609003520,
          "bot_score": 0.49505756400804624,
          "id": 6987083325
        },
        {
          "time": 1479264504,
          "type": 3,
          "user": 5135515047,
          "tweet_id": 798613641805205504,
          "bot_score": 0.10328573467123618,
          "id": 6548790935
        },
        {
          "time": 1479264537,
          "type": 3,
          "user": 5166507721,
          "tweet_id": 798613782301995011,
          "bot_score": 0.05624491210051878,
          "id": 8110275327
        },
        {
          "time": 1479264554,
          "type": 3,
          "user": 8857860819,
          "tweet_id": 798613853189746688,
          "bot_score": 0.04811366570775446,
          "id": 7687049932
        },
        {
          "time": 1479264554,
          "type": 3,
          "user": 7196636022,
          "tweet_id": 798613850572455936,
          "bot_score": 0.300816711527256,
          "id": 4667094573
        },
        {
          "time": 1479264554,
          "type": 3,
          "user": 4562297267,
          "tweet_id": 798613850543288320,
          "bot_score": null,
          "id": 7709567219
        },
        {
          "time": 1479264563,
          "type": 3,
          "user": 7599450907,
          "tweet_id": 798613888610680832,
          "bot_score": 0.19466773728450495,
          "id": 9039535582
        },
        {
          "time": 1479264614,
          "type": 3,
          "user": 1498181925,
          "tweet_id": 798614103904239618,
          "bot_score": 0.4336774335329319,
          "id": 4385896827,
          "children": [
            {
              "time": 1479264937,
              "type": 3,
              "user": 7889661040,
              "tweet_id": 798615460359114752,
              "bot_score": 0.07089257330076087,
              "id": 7096126336
            }
          ]
        },
        {
          "time": 1479264614,
          "type": 3,
          "user": 3594624818,
          "tweet_id": 798614101962297344,
          "bot_score": 0.10328573467123618,
          "id": 4481455716
        },
        {
          "time": 1479264633,
          "type": 3,
          "user": 2907680755,
          "tweet_id": 798614183117877248,
          "bot_score": null,
          "id": 1746762030
        },
        {
          "time": 1479264649,
          "type": 3,
          "user": 1109141747,
          "tweet_id": 798614250121924608,
          "bot_score": 0.09590276214117437,
          "id": 8841249361
        },
        {
          "time": 1479264695,
          "type": 3,
          "user": 1929438865,
          "tweet_id": 798614445429665793,
          "bot_score": 0.1285158337598371,
          "id": 4700370917
        },
        {
          "time": 1479264705,
          "type": 3,
          "user": 2630117456,
          "tweet_id": 798614486114566144,
          "bot_score": 0.08899515596679244,
          "id": 7230629961
        },
        {
          "time": 1479264715,
          "type": 3,
          "user": 5491123803,
          "tweet_id": 798614527600267264,
          "bot_score": 0.05202936550695904,
          "id": 7393583756
        },
        {
          "time": 1479264736,
          "type": 3,
          "user": 1612178705,
          "tweet_id": 798614613474549760,
          "bot_score": 0.25152334764543,
          "id": 1487488152
        },
        {
          "time": 1479264755,
          "type": 3,
          "user": 4409157212,
          "tweet_id": 798614696991428608,
          "bot_score": 0.10328573467123618,
          "id": 2437180107
        },
        {
          "time": 1479264797,
          "type": 3,
          "user": 5616051249,
          "tweet_id": 798614870614745088,
          "bot_score": 0.11116719108518804,
          "id": 5338793425
        },
        {
          "time": 1479264799,
          "type": 3,
          "user": 6440781681,
          "tweet_id": 798614880525762560,
          "bot_score": 0.6545596461071505,
          "id": 9827035714
        },
        {
          "time": 1479264810,
          "type": 3,
          "user": 9655667318,
          "tweet_id": 798614926784761857,
          "bot_score": 0.413569897933165,
          "id": 7830582143
        },
        {
          "time": 1479264839,
          "type": 3,
          "user": 9265041418,
          "tweet_id": 798615046041411584,
          "bot_score": 0.1701324265302999,
          "id": 7878688387
        },
        {
          "time": 1479264869,
          "type": 3,
          "user": 5637639636,
          "tweet_id": 798615172403363840,
          "bot_score": null,
          "id": 9900573439
        },
        {
          "time": 1479264902,
          "type": 3,
          "user": 6096379976,
          "tweet_id": 798615311633158145,
          "bot_score": 0.1701324265302999,
          "id": 1992019141
        },
        {
          "time": 1479264935,
          "type": 3,
          "user": 4671281035,
          "tweet_id": 798615449898483712,
          "bot_score": 0.0825396626774012,
          "id": 9457643881
        },
        {
          "time": 1479264961,
          "type": 3,
          "user": 2510845968,
          "tweet_id": 798615557285277697,
          "bot_score": 0.23633691139538376,
          "id": 8514808151
        },
        {
          "time": 1479264998,
          "type": 3,
          "user": 8745320300,
          "tweet_id": 798615715951575040,
          "bot_score": 0.06565556198004287,
          "id": 8605747202,
          "children": [
            {
              "time": 1479266824,
              "type": 3,
              "user": 2730280116,
              "tweet_id": 798623374381453313,
              "bot_score": 0.05624491210051878,
              "id": 3724340094
            },
            {
              "time": 1479267079,
              "type": 3,
              "user": 9748281103,
              "tweet_id": 798624444134502400,
              "bot_score": 0.7990584410047699,
              "id": 5903589003
            },
            {
              "time": 1479271497,
              "type": 3,
              "user": 1185095956,
              "tweet_id": 798642971654504448,
              "bot_score": 0.3742667881821624,
              "id": 2074625064
            },
            {
              "time": 1479271664,
              "type": 3,
              "user": 4252609153,
              "tweet_id": 798643675576221696,
              "bot_score": 0.4744885412906753,
              "id": 6293290903
            },
            {
              "time": 1479305416,
              "type": 3,
              "user": 3549555850,
              "tweet_id": 798785239896047620,
              "bot_score": 0.5768086562548855,
              "id": 6570796998
            }
          ]
        },
        {
          "time": 1479265043,
          "type": 3,
          "user": 6160695709,
          "tweet_id": 798615901293727744,
          "bot_score": 0.11956986651967942,
          "id": 8949633831
        },
        {
          "time": 1479265080,
          "type": 3,
          "user": 2051210711,
          "tweet_id": 798616059578236928,
          "bot_score": 0.3551862170861128,
          "id": 7941775750
        },
        {
          "time": 1479265131,
          "type": 3,
          "user": 2207202519,
          "tweet_id": 798616271130497024,
          "bot_score": 0.0825396626774012,
          "id": 4747831053
        },
        {
          "time": 1479265220,
          "type": 3,
          "user": 5853145217,
          "tweet_id": 798616647334445056,
          "bot_score": 0.25152334764543,
          "id": 5185171977
        },
        {
          "time": 1479265328,
          "type": 3,
          "user": 5251244131,
          "tweet_id": 798617100122079233,
          "bot_score": 0.06078011352084069,
          "id": 6573613780
        },
        {
          "time": 1479265333,
          "type": 3,
          "user": 2176472155,
          "tweet_id": 798617121387319296,
          "bot_score": null,
          "id": 7219274594
        },
        {
          "time": 1479265505,
          "type": 3,
          "user": 3831954931,
          "tweet_id": 798617841373048832,
          "bot_score": 0.4540057291614072,
          "id": 7210503551
        },
        {
          "time": 1479265866,
          "type": 3,
          "user": 1792565748,
          "tweet_id": 798619355567136769,
          "bot_score": 0.037980136466376074,
          "id": 2767931624
        },
        {
          "time": 1479266219,
          "type": 3,
          "user": 2092253557,
          "tweet_id": 798620837549064192,
          "bot_score": 0.08899515596679244,
          "id": 8556820920
        },
        {
          "time": 1479266313,
          "type": 3,
          "user": 8240269989,
          "tweet_id": 798621228361715712,
          "bot_score": 0.9416190049861709,
          "id": 9596955884
        },
        {
          "time": 1479266579,
          "type": 3,
          "user": 3400839196,
          "tweet_id": 798622344675672064,
          "bot_score": 0.04811366570775446,
          "id": 7447007610
        },
        {
          "time": 1479266822,
          "type": 3,
          "user": 4529076994,
          "tweet_id": 798623362633187328,
          "bot_score": 0.13802618960216584,
          "id": 5365297128
        },
        {
          "time": 1479267001,
          "type": 3,
          "user": 9430129240,
          "tweet_id": 798624114940313600,
          "bot_score": 0.09590276214117437,
          "id": 3846714784
        },
        {
          "time": 1479267295,
          "type": 3,
          "user": 6178372461,
          "tweet_id": 798625347897958400,
          "bot_score": 0.07651310672792835,
          "id": 8628048086
        },
        {
          "time": 1479267333,
          "type": 3,
          "user": 6781373918,
          "tweet_id": 798625507893878784,
          "bot_score": 0.26734400306340506,
          "id": 3125233773
        },
        {
          "time": 1479267461,
          "type": 3,
          "user": 3822086239,
          "tweet_id": 798626046694166528,
          "bot_score": 0.05202936550695904,
          "id": 1904501783
        },
        {
          "time": 1479267558,
          "type": 3,
          "user": 2355767796,
          "tweet_id": 798626452950261760,
          "bot_score": 0.19466773728450495,
          "id": 3693933576
        },
        {
          "time": 1479267602,
          "type": 3,
          "user": 9589911540,
          "tweet_id": 798626636597866496,
          "bot_score": 0.04811366570775446,
          "id": 2995333566
        },
        {
          "time": 1479267668,
          "type": 3,
          "user": 2196639157,
          "tweet_id": 798626913635840000,
          "bot_score": 0.7713044789889335,
          "id": 4868703966
        },
        {
          "time": 1479267695,
          "type": 3,
          "user": 3204354683,
          "tweet_id": 798627025808400389,
          "bot_score": 0.26734400306340506,
          "id": 8821090405
        },
        {
          "time": 1479267951,
          "type": 3,
          "user": 8211494601,
          "tweet_id": 798628098983899136,
          "bot_score": 0.04811366570775446,
          "id": 5529680785
        },
        {
          "time": 1479268920,
          "type": 3,
          "user": 6973511859,
          "tweet_id": 798632163503525888,
          "bot_score": null,
          "id": 4263741520
        },
        {
          "time": 1479269311,
          "type": 3,
          "user": 3209402583,
          "tweet_id": 798633804617367552,
          "bot_score": 0.06078011352084069,
          "id": 6983857131
        },
        {
          "time": 1479269560,
          "type": 3,
          "user": 2361181244,
          "tweet_id": 798634848957046785,
          "bot_score": 0.04447883217419818,
          "id": 4428731575
        },
        {
          "time": 1479269877,
          "type": 3,
          "user": 3109640748,
          "tweet_id": 798636176949309444,
          "bot_score": 0.8572017689651149,
          "id": 7125641463
        },
        {
          "time": 1479269892,
          "type": 3,
          "user": 1996780545,
          "tweet_id": 798636241340071936,
          "bot_score": 0.05624491210051878,
          "id": 3097375056
        },
        {
          "time": 1479269952,
          "type": 3,
          "user": 6716816555,
          "tweet_id": 798636491610038272,
          "bot_score": 0.2079055732880228,
          "id": 3474426782
        },
        {
          "time": 1479269957,
          "type": 3,
          "user": 5580532489,
          "tweet_id": 798636511835078657,
          "bot_score": 0.09590276214117437,
          "id": 5177810858
        },
        {
          "time": 1479270069,
          "type": 3,
          "user": 2450489067,
          "tweet_id": 798636984822624256,
          "bot_score": 0.10328573467123618,
          "id": 4439323238
        },
        {
          "time": 1479271054,
          "type": 3,
          "user": 8443917567,
          "tweet_id": 798641116073500677,
          "bot_score": 0.06565556198004287,
          "id": 2043579348
        },
        {
          "time": 1479271598,
          "type": 3,
          "user": 9761759146,
          "tweet_id": 798643398055837697,
          "bot_score": null,
          "id": 5725025324
        },
        {
          "time": 1479271795,
          "type": 3,
          "user": 7782869688,
          "tweet_id": 798644221141917696,
          "bot_score": 0.09590276214117437,
          "id": 7472963308
        },
        {
          "time": 1479271975,
          "type": 3,
          "user": 9982093758,
          "tweet_id": 798644979690127360,
          "bot_score": 0.5967761711282766,
          "id": 4606424609
        },
        {
          "time": 1479272426,
          "type": 3,
          "user": 9341992703,
          "tweet_id": 798646871329632258,
          "bot_score": 0.4336774335329319,
          "id": 5516568554
        },
        {
          "time": 1479272590,
          "type": 3,
          "user": 6273579222,
          "tweet_id": 798647557819953152,
          "bot_score": 0.05202936550695904,
          "id": 6351766095
        },
        {
          "time": 1479273908,
          "type": 3,
          "user": 8244793408,
          "tweet_id": 798653087137181696,
          "bot_score": 0.5967761711282766,
          "id": 9665306768
        },
        {
          "time": 1479277245,
          "type": 3,
          "user": 1949719957,
          "tweet_id": 798667082111930368,
          "bot_score": 0.22179568769021463,
          "id": 1715239841,
          "children": [
            {
              "time": 1479277272,
              "type": 3,
              "user": 3742752206,
              "tweet_id": 798667193848307712,
              "bot_score": 0.18207903130928815,
              "id": 4859091808
            }
          ]
        },
        {
          "time": 1479280981,
          "type": 3,
          "user": 2501786442,
          "tweet_id": 798682751687868417,
          "bot_score": 0.635706839522915,
          "id": 3553446239
        },
        {
          "time": 1479288499,
          "type": 3,
          "user": 4716538324,
          "tweet_id": 798714285979500544,
          "bot_score": 0.11116719108518804,
          "id": 3197630193
        },
        {
          "time": 1479291889,
          "type": 3,
          "user": 9155665743,
          "tweet_id": 798728501633236992,
          "bot_score": 0.05202936550695904,
          "id": 1727264446
        },
        {
          "time": 1479293754,
          "type": 3,
          "user": 4497118568,
          "tweet_id": 798736324329111552,
          "bot_score": 0.06078011352084069,
          "id": 4873396335
        },
        {
          "time": 1479297177,
          "type": 3,
          "user": 8804431572,
          "tweet_id": 798750683851669504,
          "bot_score": 0.5768086562548855,
          "id": 7322983322
        },
        {
          "time": 1479298554,
          "type": 3,
          "user": 3540855289,
          "tweet_id": 798756458103869440,
          "bot_score": 0.14812070832967303,
          "id": 4429819966
        },
        {
          "time": 1479301393,
          "type": 3,
          "user": 9233750367,
          "tweet_id": 798768366462713856,
          "bot_score": 0.06078011352084069,
          "id": 7098529670
        },
        {
          "time": 1479317714,
          "type": 3,
          "user": 7809310693,
          "tweet_id": 798836822222651392,
          "bot_score": 0.26734400306340506,
          "id": 4045457856
        },
        {
          "time": 1479328850,
          "type": 3,
          "user": 1599625918,
          "tweet_id": 798883527760613376,
          "bot_score": 0.8468202684509261,
          "id": 4220118756
        },
        {
          "time": 1479331262,
          "type": 3,
          "user": 1557373532,
          "tweet_id": 798893645768237056,
          "bot_score": 0.11116719108518804,
          "id": 4825285916
        },
        {
          "time": 1479333603,
          "type": 3,
          "user": 4059169493,
          "tweet_id": 798903463199600640,
          "bot_score": 0.13802618960216584,
          "id": 2826179849
        },
        {
          "time": 1479537933,
          "type": 3,
          "user": 4835172654,
          "tweet_id": 799760485046452224,
          "bot_score": 0.413569897933165,
          "id": 5413839204
        },
        {
          "time": 1480068076,
          "type": 3,
          "user": 3486571712,
          "tweet_id": 801984068397264896,
          "bot_score": null,
          "id": 2462613319
        },
        {
          "time": 1479239130,
          "type": 4,
          "user": 4387762155,
          "tweet_id": 798612912713498624,
          "sentiment": -0.4767,
          "id": 5923616253
        },
        {
          "time": 1479239670,
          "type": 4,
          "user": 9636197048,
          "tweet_id": 798615179080568832,
          "sentiment": -0.3875,
          "id": 3612721835
        },
        {
          "time": 1479251540,
          "type": 4,
          "user": 8489005954,
          "tweet_id": 798664963967438848,
          "sentiment": 0.0,
          "id": 3309791071
        },
        {
          "time": 1479248693,
          "type": 4,
          "user": 2350626899,
          "tweet_id": 798653022230351872,
          "sentiment": 0.0,
          "id": 1123133892
        },
        {
          "time": 1479244170,
          "type": 4,
          "user": 5105653182,
          "tweet_id": 798634050248318976,
          "sentiment": 0.0,
          "id": 3815741612
        },
        {
          "time": 1479243321,
          "type": 4,
          "user": 7407908977,
          "tweet_id": 798630489095421952,
          "sentiment": -0.7346,
          "id": 5739167222
        },
        {
          "time": 1479242591,
          "type": 4,
          "user": 9792506607,
          "tweet_id": 798627427249328128,
          "sentiment": 0.0,
          "id": 1019172058
        },
        {
          "time": 1479242393,
          "type": 4,
          "user": 6665473021,
          "tweet_id": 798626597549080577,
          "sentiment": -0.7555,
          "id": 7743809857
        },
        {
          "time": 1479240125,
          "type": 4,
          "user": 4171464858,
          "tweet_id": 798617087493013505,
          "sentiment": 0.0258,
          "id": 9056866071
        },
        {
          "time": 1479239877,
          "type": 4,
          "user": 5086065201,
          "tweet_id": 798616044050878465,
          "sentiment": -0.4215,
          "id": 3222631006
        },
        {
          "time": 1479239355,
          "type": 4,
          "user": 8174951801,
          "tweet_id": 798613855270076416,
          "sentiment": -0.1901,
          "id": 9187859865
        },
        {
          "time": 1479239269,
          "type": 4,
          "user": 9802531955,
          "tweet_id": 798613493666574336,
          "sentiment": -0.4137,
          "id": 8100227249
        },
        {
          "time": 1479239168,
          "type": 4,
          "user": 5386856609,
          "tweet_id": 798613073548509184,
          "sentiment": 0.0,
          "id": 6488963957
        },
        {
          "time": 1479239098,
          "type": 4,
          "user": 5868331148,
          "tweet_id": 798612779187912704,
          "sentiment": -0.7674,
          "id": 5527418773
        },
        {
          "time": 1479239554,
          "type": 4,
          "user": 6034360446,
          "tweet_id": 798614689903153152,
          "sentiment": 0.3818,
          "id": 3089235771
        },
        {
          "time": 1479239193,
          "type": 4,
          "user": 9980878271,
          "tweet_id": 798613175071449088,
          "sentiment": -0.5267,
          "id": 2697276234
        },
        {
          "time": 1479367134,
          "type": 4,
          "user": 1028343243,
          "tweet_id": 799149798683185152,
          "sentiment": 0.0,
          "id": 8366414055
        }
      ]
    },
    {
      "time": 1479239055,
      "type": 2,
      "user": 9801418646,
      "tweet_id": 798612597977161729,
      "bot_score": null,
      "id": 6634979908
    },
    {
      "time": 1479239058,
      "type": 2,
      "user": 4856602624,
      "tweet_id": 798612608685223937,
      "bot_score": null,
      "id": 7770299654
    },
    {
      "time": 1479239081,
      "type": 2,
      "user": 7411815410,
      "tweet_id": 798612706500624384,
      "bot_score": null,
      "id": 2178989667
    },
    {
      "time": 1479239105,
      "type": 2,
      "user": 8795741288,
      "tweet_id": 798612807923204096,
      "bot_score": null,
      "id": 5717141428
    },
    {
      "time": 1479239167,
      "type": 2,
      "user": 7565999797,
      "tweet_id": 798613068091506688,
      "bot_score": null,
      "id": 5041986867
    },
    {
      "time": 1479239184,
      "type": 2,
      "user": 2065221462,
      "tweet_id": 798613137310314497,
      "bot_score": null,
      "id": 2056599771
    },
    {
      "time": 1479239185,
      "type": 2,
      "user": 7237337572,
      "tweet_id": 798613144616611840,
      "bot_score": null,
      "id": 7348242113
    },
    {
      "time": 1479239198,
      "type": 2,
      "user": 7961417860,
      "tweet_id": 798613196139626496,
      "bot_score": null,
      "id": 3619483217
    },
    {
      "time": 1479239203,
      "type": 2,
      "user": 3047966263,
      "tweet_id": 798613219120189440,
      "bot_score": null,
      "id": 9204565206
    },
    {
      "time": 1479239225,
      "type": 2,
      "user": 7299640047,
      "tweet_id": 798613309226237956,
      "bot_score": 0.33655519548719853,
      "id": 3086146200
    },
    {
      "time": 1479239257,
      "type": 2,
      "user": 2274954466,
      "tweet_id": 798613446719770624,
      "bot_score": null,
      "id": 8046235330
    },
    {
      "time": 1479239301,
      "type": 2,
      "user": 1881678565,
      "tweet_id": 798613630711279616,
      "bot_score": null,
      "id": 1020040963
    },
    {
      "time": 1479239311,
      "type": 2,
      "user": 1830440820,
      "tweet_id": 798613672675442689,
      "bot_score": null,
      "id": 4670585393
    },
    {
      "time": 1479239322,
      "type": 2,
      "user": 9340538841,
      "tweet_id": 798613719144103937,
      "bot_score": null,
      "id": 2579361031
    },
    {
      "time": 1479239412,
      "type": 2,
      "user": 9448865373,
      "tweet_id": 798614096685826048,
      "bot_score": null,
      "id": 7110374569
    },
    {
      "time": 1479239414,
      "type": 2,
      "user": 1852233595,
      "tweet_id": 798614102763401216,
      "bot_score": 0.1701324265302999,
      "id": 5533635255
    },
    {
      "time": 1479239431,
      "type": 2,
      "user": 1092173200,
      "tweet_id": 798614173148057600,
      "bot_score": null,
      "id": 1246566629
    },
    {
      "time": 1479239438,
      "type": 2,
      "user": 2419930748,
      "tweet_id": 798614203699314688,
      "bot_score": null,
      "id": 6055522675
    },
    {
      "time": 1479239455,
      "type": 2,
      "user": 8183660793,
      "tweet_id": 798614276571328512,
      "bot_score": null,
      "id": 7494910001
    },
    {
      "time": 1479239480,
      "type": 2,
      "user": 9030643412,
      "tweet_id": 798614378840924161,
      "bot_score": null,
      "id": 8248337078
    },
    {
      "time": 1479239495,
      "type": 2,
      "user": 8830587613,
      "tweet_id": 798614444255289344,
      "bot_score": null,
      "id": 4873788493
    },
    {
      "time": 1479239533,
      "type": 2,
      "user": 7775541345,
      "tweet_id": 798614601940238336,
      "bot_score": null,
      "id": 8424636231
    },
    {
      "time": 1479239534,
      "type": 2,
      "user": 5823647348,
      "tweet_id": 798614607124275200,
      "bot_score": null,
      "id": 2415936422
    },
    {
      "time": 1479239552,
      "type": 2,
      "user": 5774340212,
      "tweet_id": 798614682424774656,
      "bot_score": null,
      "id": 8637506389
    },
    {
      "time": 1479239560,
      "type": 2,
      "user": 3080412422,
      "tweet_id": 798614716478169088,
      "bot_score": null,
      "id": 1408628651
    },
    {
      "time": 1479239622,
      "type": 2,
      "user": 7560241419,
      "tweet_id": 798614977560969216,
      "bot_score": null,
      "id": 1179238154
    },
    {
      "time": 1479239622,
      "type": 2,
      "user": 6137991732,
      "tweet_id": 798614975228973057,
      "bot_score": null,
      "id": 8449387120
    },
    {
      "time": 1479239645,
      "type": 2,
      "user": 7702298258,
      "tweet_id": 798615073413562368,
      "bot_score": null,
      "id": 6136286055
    },
    {
      "time": 1479239649,
      "type": 2,
      "user": 7381252934,
      "tweet_id": 798615089159045120,
      "bot_score": null,
      "id": 3833522582
    },
    {
      "time": 1479239700,
      "type": 2,
      "user": 3634255423,
      "tweet_id": 798615302053498881,
      "bot_score": null,
      "id": 6953273283
    },
    {
      "time": 1479239711,
      "type": 2,
      "user": 9816110457,
      "tweet_id": 798615348689960960,
      "bot_score": null,
      "id": 9147464766
    },
    {
      "time": 1479239724,
      "type": 2,
      "user": 4997354644,
      "tweet_id": 798615401919676416,
      "bot_score": null,
      "id": 1409708445
    },
    {
      "time": 1479239771,
      "type": 2,
      "user": 7961417860,
      "tweet_id": 798615601782603776,
      "bot_score": null,
      "id": 7432486880
    },
    {
      "time": 1479239774,
      "type": 2,
      "user": 3378058642,
      "tweet_id": 798615611865636864,
      "bot_score": null,
      "id": 8027847267
    },
    {
      "time": 1479239818,
      "type": 2,
      "user": 5472795086,
      "tweet_id": 798615800068177920,
      "bot_score": null,
      "id": 5137028003
    },
    {
      "time": 1479239820,
      "type": 2,
      "user": 7849372631,
      "tweet_id": 798615808083562496,
      "bot_score": null,
      "id": 1027895683
    },
    {
      "time": 1479239827,
      "type": 2,
      "user": 4396959345,
      "tweet_id": 798615834717458433,
      "bot_score": null,
      "id": 6265274236
    },
    {
      "time": 1479239830,
      "type": 2,
      "user": 7003468015,
      "tweet_id": 798615848520798208,
      "bot_score": null,
      "id": 8791634453
    },
    {
      "time": 1479239833,
      "type": 2,
      "user": 6169804785,
      "tweet_id": 798615860751396864,
      "bot_score": null,
      "id": 8845512918
    },
    {
      "time": 1479239837,
      "type": 2,
      "user": 6169804785,
      "tweet_id": 798615878614949888,
      "bot_score": null,
      "id": 7131683256
    },
    {
      "time": 1479239837,
      "type": 2,
      "user": 8144358257,
      "tweet_id": 798615877201473536,
      "bot_score": null,
      "id": 2275958793
    },
    {
      "time": 1479239840,
      "type": 2,
      "user": 6169804785,
      "tweet_id": 798615889499164672,
      "bot_score": null,
      "id": 1811759594
    },
    {
      "time": 1479239841,
      "type": 2,
      "user": 6169804785,
      "tweet_id": 798615894226128896,
      "bot_score": null,
      "id": 1655688886
    },
    {
      "time": 1479239893,
      "type": 2,
      "user": 9030643412,
      "tweet_id": 798616114242658304,
      "bot_score": null,
      "id": 8035453303
    },
    {
      "time": 1479239897,
      "type": 2,
      "user": 3598412661,
      "tweet_id": 798616128725524480,
      "bot_score": null,
      "id": 7571339631
    },
    {
      "time": 1479239902,
      "type": 2,
      "user": 9026878709,
      "tweet_id": 798616150460469248,
      "bot_score": null,
      "id": 4186925584
    },
    {
      "time": 1479239902,
      "type": 2,
      "user": 9185857111,
      "tweet_id": 798616150389071873,
      "bot_score": null,
      "id": 4492980693
    },
    {
      "time": 1479239902,
      "type": 2,
      "user": 4364492299,
      "tweet_id": 798616150108057600,
      "bot_score": null,
      "id": 4367072137
    },
    {
      "time": 1479239904,
      "type": 2,
      "user": 1611946061,
      "tweet_id": 798616160174387200,
      "bot_score": null,
      "id": 4175405231
    },
    {
      "time": 1479239904,
      "type": 2,
      "user": 8451963377,
      "tweet_id": 798616157649444864,
      "bot_score": null,
      "id": 3157508750
    },
    {
      "time": 1479239904,
      "type": 2,
      "user": 2597803489,
      "tweet_id": 798616157003489280,
      "bot_score": null,
      "id": 5218193890
    },
    {
      "time": 1479239906,
      "type": 2,
      "user": 4997354644,
      "tweet_id": 798616167787151370,
      "bot_score": null,
      "id": 2111728991
    },
    {
      "time": 1479239965,
      "type": 2,
      "user": 5143085440,
      "tweet_id": 798616416144543744,
      "bot_score": null,
      "id": 5194448204
    },
    {
      "time": 1479239969,
      "type": 2,
      "user": 3268753096,
      "tweet_id": 798616432187703296,
      "bot_score": null,
      "id": 6338086777
    },
    {
      "time": 1479240030,
      "type": 2,
      "user": 4827939206,
      "tweet_id": 798616688652521472,
      "bot_score": null,
      "id": 6284189126
    },
    {
      "time": 1479240065,
      "type": 2,
      "user": 3200922221,
      "tweet_id": 798616833980960769,
      "bot_score": null,
      "id": 9517875739
    },
    {
      "time": 1479240073,
      "type": 2,
      "user": 3154699876,
      "tweet_id": 798616867208183808,
      "bot_score": null,
      "id": 2430017921
    },
    {
      "time": 1479240078,
      "type": 2,
      "user": 8875457737,
      "tweet_id": 798616888288878592,
      "bot_score": null,
      "id": 7763789716
    },
    {
      "time": 1479240080,
      "type": 2,
      "user": 1787265468,
      "tweet_id": 798616897210224640,
      "bot_score": null,
      "id": 9450988090
    },
    {
      "time": 1479240115,
      "type": 2,
      "user": 6652007792,
      "tweet_id": 798617044497248256,
      "bot_score": null,
      "id": 7838134234
    },
    {
      "time": 1479240129,
      "type": 2,
      "user": 4219990658,
      "tweet_id": 798617103674679296,
      "bot_score": null,
      "id": 1826082170
    },
    {
      "time": 1479240129,
      "type": 2,
      "user": 4640710092,
      "tweet_id": 798617103364329472,
      "bot_score": null,
      "id": 3287482142
    },
    {
      "time": 1479240129,
      "type": 2,
      "user": 2902377703,
      "tweet_id": 798617103007817729,
      "bot_score": null,
      "id": 5399042796
    },
    {
      "time": 1479240130,
      "type": 2,
      "user": 8643907373,
      "tweet_id": 798617107487301632,
      "bot_score": null,
      "id": 7768146220
    },
    {
      "time": 1479240130,
      "type": 2,
      "user": 8121840407,
      "tweet_id": 798617105113284608,
      "bot_score": null,
      "id": 8607896609
    },
    {
      "time": 1479240131,
      "type": 2,
      "user": 8485129222,
      "tweet_id": 798617112172318720,
      "bot_score": null,
      "id": 4244021578
    },
    {
      "time": 1479240131,
      "type": 2,
      "user": 9967810255,
      "tweet_id": 798617109790007296,
      "bot_score": 0.4336774335329319,
      "id": 8586702888
    },
    {
      "time": 1479240131,
      "type": 2,
      "user": 5352222538,
      "tweet_id": 798617109206966272,
      "bot_score": null,
      "id": 1840027281
    },
    {
      "time": 1479240132,
      "type": 2,
      "user": 8192237316,
      "tweet_id": 798617116878376960,
      "bot_score": null,
      "id": 6293917713,
      "children": [
        {
          "time": 1479265462,
          "type": 3,
          "user": 2274938777,
          "tweet_id": 798617659596161024,
          "bot_score": 0.06565556198004287,
          "id": 4176317395
        }
      ]
    },
    {
      "time": 1479240132,
      "type": 2,
      "user": 5235268536,
      "tweet_id": 798617115578118144,
      "bot_score": null,
      "id": 2470876410
    },
    {
      "time": 1479240132,
      "type": 2,
      "user": 8144358257,
      "tweet_id": 798617115276124161,
      "bot_score": null,
      "id": 3411968184
    },
    {
      "time": 1479240153,
      "type": 2,
      "user": 1608459663,
      "tweet_id": 798617202257580032,
      "bot_score": null,
      "id": 5718510567
    },
    {
      "time": 1479240172,
      "type": 2,
      "user": 7081950777,
      "tweet_id": 798617282733834240,
      "bot_score": null,
      "id": 7225226532
    },
    {
      "time": 1479240274,
      "type": 2,
      "user": 5160636995,
      "tweet_id": 798617711140077568,
      "bot_score": null,
      "id": 4418083346
    },
    {
      "time": 1479240332,
      "type": 2,
      "user": 4085989653,
      "tweet_id": 798617955055661057,
      "bot_score": 0.5361761477678701,
      "id": 3136582172
    },
    {
      "time": 1479240427,
      "type": 2,
      "user": 9558460815,
      "tweet_id": 798618352620949504,
      "bot_score": null,
      "id": 7517838624
    },
    {
      "time": 1479240824,
      "type": 2,
      "user": 7702298258,
      "tweet_id": 798620017675776000,
      "bot_score": null,
      "id": 2057249520
    },
    {
      "time": 1479240829,
      "type": 2,
      "user": 7381252934,
      "tweet_id": 798620037905051649,
      "bot_score": null,
      "id": 5566981400
    },
    {
      "time": 1479240887,
      "type": 2,
      "user": 8231093187,
      "tweet_id": 798620280629448704,
      "bot_score": null,
      "id": 7583034599
    },
    {
      "time": 1479240888,
      "type": 2,
      "user": 2133041591,
      "tweet_id": 798620286996324353,
      "bot_score": null,
      "id": 8997449581
    },
    {
      "time": 1479240979,
      "type": 2,
      "user": 2981713950,
      "tweet_id": 798620667998388224,
      "bot_score": null,
      "id": 2948943308
    },
    {
      "time": 1479240981,
      "type": 2,
      "user": 3336276475,
      "tweet_id": 798620676823216128,
      "bot_score": null,
      "id": 5980683098
    },
    {
      "time": 1479240986,
      "type": 2,
      "user": 9596290912,
      "tweet_id": 798620697492787201,
      "bot_score": null,
      "id": 2050871760
    },
    {
      "time": 1479240986,
      "type": 2,
      "user": 4728243589,
      "tweet_id": 798620695122964480,
      "bot_score": null,
      "id": 6178774615
    },
    {
      "time": 1479240995,
      "type": 2,
      "user": 9333111203,
      "tweet_id": 798620735325384704,
      "bot_score": null,
      "id": 3640487645
    },
    {
      "time": 1479240995,
      "type": 2,
      "user": 1663961679,
      "tweet_id": 798620734805262336,
      "bot_score": null,
      "id": 7242386860
    },
    {
      "time": 1479240996,
      "type": 2,
      "user": 2519720756,
      "tweet_id": 798620738882138112,
      "bot_score": null,
      "id": 3491452998
    },
    {
      "time": 1479240996,
      "type": 2,
      "user": 6863988198,
      "tweet_id": 798620738534019073,
      "bot_score": null,
      "id": 9617092033
    },
    {
      "time": 1479240997,
      "type": 2,
      "user": 9784995635,
      "tweet_id": 798620745081331712,
      "bot_score": null,
      "id": 4106959451
    },
    {
      "time": 1479240997,
      "type": 2,
      "user": 2096856585,
      "tweet_id": 798620742682218496,
      "bot_score": null,
      "id": 5685533219
    },
    {
      "time": 1479240997,
      "type": 2,
      "user": 7890078365,
      "tweet_id": 798620741193199616,
      "bot_score": null,
      "id": 8681166779
    },
    {
      "time": 1479240998,
      "type": 2,
      "user": 6887974710,
      "tweet_id": 798620747799273472,
      "bot_score": null,
      "id": 9247045964
    },
    {
      "time": 1479240998,
      "type": 2,
      "user": 9659940480,
      "tweet_id": 798620749506301952,
      "bot_score": null,
      "id": 1982975331
    },
    {
      "time": 1479241000,
      "type": 2,
      "user": 9037814746,
      "tweet_id": 798620755630034944,
      "bot_score": null,
      "id": 9197632800
    },
    {
      "time": 1479241003,
      "type": 2,
      "user": 9784995635,
      "tweet_id": 798620768179359744,
      "bot_score": null,
      "id": 3889418594
    },
    {
      "time": 1479241020,
      "type": 2,
      "user": 1231171637,
      "tweet_id": 798620841743384578,
      "bot_score": 0.3551862170861128,
      "id": 5291270161
    },
    {
      "time": 1479241225,
      "type": 2,
      "user": 4582482028,
      "tweet_id": 798621699369566208,
      "bot_score": null,
      "id": 8166737989
    },
    {
      "time": 1479241269,
      "type": 2,
      "user": 4450100301,
      "tweet_id": 798621883105034240,
      "bot_score": 0.13802618960216584,
      "id": 9905135420
    },
    {
      "time": 1479241337,
      "type": 2,
      "user": 9198205577,
      "tweet_id": 798622170351955968,
      "bot_score": null,
      "id": 8435727407
    },
    {
      "time": 1479241339,
      "type": 2,
      "user": 5190614572,
      "tweet_id": 798622176215638016,
      "bot_score": null,
      "id": 6454404899
    },
    {
      "time": 1479241381,
      "type": 2,
      "user": 8268813917,
      "tweet_id": 798622352007315456,
      "bot_score": null,
      "id": 1969836319
    },
    {
      "time": 1479241448,
      "type": 2,
      "user": 9315442657,
      "tweet_id": 798622635823419392,
      "bot_score": null,
      "id": 5211787430
    },
    {
      "time": 1479241458,
      "type": 2,
      "user": 9360560140,
      "tweet_id": 798622678860996608,
      "bot_score": null,
      "id": 4657399968,
      "children": [
        {
          "time": 1479266720,
          "type": 3,
          "user": 8779837256,
          "tweet_id": 798622937578246144,
          "bot_score": 0.5361761477678701,
          "id": 4784284514
        },
        {
          "time": 1479297502,
          "type": 4,
          "user": 4074124806,
          "tweet_id": 798857740642754562,
          "sentiment": 0.4199,
          "id": 1245935479
        }
      ]
    },
    {
      "time": 1479241629,
      "type": 2,
      "user": 2189726508,
      "tweet_id": 798623393222459393,
      "bot_score": null,
      "id": 8883100758
    },
    {
      "time": 1479241707,
      "type": 2,
      "user": 4952886410,
      "tweet_id": 798623722961707008,
      "bot_score": null,
      "id": 8775991009
    },
    {
      "time": 1479241760,
      "type": 2,
      "user": 2959490356,
      "tweet_id": 798623945142378496,
      "bot_score": null,
      "id": 2322504565
    },
    {
      "time": 1479241761,
      "type": 2,
      "user": 5218615809,
      "tweet_id": 798623948296556545,
      "bot_score": null,
      "id": 8894903599
    },
    {
      "time": 1479241875,
      "type": 2,
      "user": 8400120921,
      "tweet_id": 798624423876194304,
      "bot_score": null,
      "id": 3671193776
    },
    {
      "time": 1479241975,
      "type": 2,
      "user": 3100207259,
      "tweet_id": 798624843495194625,
      "bot_score": null,
      "id": 6579946671
    },
    {
      "time": 1479241981,
      "type": 2,
      "user": 9477636052,
      "tweet_id": 798624869726318592,
      "bot_score": null,
      "id": 9640057336
    },
    {
      "time": 1479242124,
      "type": 2,
      "user": 4025923108,
      "tweet_id": 798625469172051968,
      "bot_score": null,
      "id": 2444622169
    },
    {
      "time": 1479242771,
      "type": 2,
      "user": 2586913849,
      "tweet_id": 798628184371511297,
      "bot_score": null,
      "id": 1780890597
    },
    {
      "time": 1479242773,
      "type": 2,
      "user": 8157455363,
      "tweet_id": 798628193288605696,
      "bot_score": null,
      "id": 2499591831
    },
    {
      "time": 1479242774,
      "type": 2,
      "user": 4368129961,
      "tweet_id": 798628196061040640,
      "bot_score": 0.7081126267613624,
      "id": 9404964297
    },
    {
      "time": 1479242774,
      "type": 2,
      "user": 1282271494,
      "tweet_id": 798628196031729664,
      "bot_score": null,
      "id": 1112703620
    },
    {
      "time": 1479242774,
      "type": 2,
      "user": 4764169947,
      "tweet_id": 798628195901681665,
      "bot_score": null,
      "id": 6423488989
    },
    {
      "time": 1479242777,
      "type": 2,
      "user": 6111306551,
      "tweet_id": 798628209034043394,
      "bot_score": null,
      "id": 4167612287
    },
    {
      "time": 1479242904,
      "type": 2,
      "user": 6338024962,
      "tweet_id": 798628743325487104,
      "bot_score": 0.413569897933165,
      "id": 6166883409
    },
    {
      "time": 1479243403,
      "type": 2,
      "user": 9520751650,
      "tweet_id": 798630835347857409,
      "bot_score": null,
      "id": 3044510861
    },
    {
      "time": 1479243411,
      "type": 2,
      "user": 3553432640,
      "tweet_id": 798630868860313600,
      "bot_score": null,
      "id": 1840814254
    },
    {
      "time": 1479243429,
      "type": 2,
      "user": 9505830392,
      "tweet_id": 798630945301532672,
      "bot_score": null,
      "id": 1724598990
    },
    {
      "time": 1479243430,
      "type": 2,
      "user": 1581275938,
      "tweet_id": 798630948736667649,
      "bot_score": null,
      "id": 3483294842
    },
    {
      "time": 1479243430,
      "type": 2,
      "user": 9609054824,
      "tweet_id": 798630947553873920,
      "bot_score": null,
      "id": 4826693390
    },
    {
      "time": 1479243431,
      "type": 2,
      "user": 3625159611,
      "tweet_id": 798630950380838912,
      "bot_score": null,
      "id": 9873513600
    },
    {
      "time": 1479243510,
      "type": 2,
      "user": 1135726719,
      "tweet_id": 798631283450519552,
      "bot_score": null,
      "id": 5084679727
    },
    {
      "time": 1479243524,
      "type": 2,
      "user": 6977760631,
      "tweet_id": 798631340791005184,
      "bot_score": null,
      "id": 7978193926
    },
    {
      "time": 1479243611,
      "type": 2,
      "user": 2664063285,
      "tweet_id": 798631706773233664,
      "bot_score": null,
      "id": 5663001712
    },
    {
      "time": 1479243614,
      "type": 2,
      "user": 2664063285,
      "tweet_id": 798631721361149952,
      "bot_score": null,
      "id": 1401788158
    },
    {
      "time": 1479243691,
      "type": 2,
      "user": 4432323509,
      "tweet_id": 798632041118072832,
      "bot_score": null,
      "id": 1098789756
    },
    {
      "time": 1479243757,
      "type": 2,
      "user": 6243164492,
      "tweet_id": 798632317719756800,
      "bot_score": null,
      "id": 3653697975
    },
    {
      "time": 1479243767,
      "type": 2,
      "user": 8994939328,
      "tweet_id": 798632360371716096,
      "bot_score": null,
      "id": 3740931179
    },
    {
      "time": 1479243855,
      "type": 2,
      "user": 2419930748,
      "tweet_id": 798632731148161024,
      "bot_score": null,
      "id": 5009730794
    },
    {
      "time": 1479243905,
      "type": 2,
      "user": 9866320592,
      "tweet_id": 798632940691304448,
      "bot_score": null,
      "id": 8808657987
    },
    {
      "time": 1479243911,
      "type": 2,
      "user": 6770927874,
      "tweet_id": 798632964506587136,
      "bot_score": null,
      "id": 3472889244
    },
    {
      "time": 1479243913,
      "type": 2,
      "user": 1085991829,
      "tweet_id": 798632972668706816,
      "bot_score": null,
      "id": 5677696773
    },
    {
      "time": 1479243964,
      "type": 2,
      "user": 1303234194,
      "tweet_id": 798633189426139136,
      "bot_score": null,
      "id": 4400516168
    },
    {
      "time": 1479243977,
      "type": 2,
      "user": 9066019026,
      "tweet_id": 798633242173636609,
      "bot_score": null,
      "id": 8499243987
    },
    {
      "time": 1479244010,
      "type": 2,
      "user": 4727930400,
      "tweet_id": 798633380334202880,
      "bot_score": 0.5768086562548855,
      "id": 2439544499
    },
    {
      "time": 1479244024,
      "type": 2,
      "user": 4098968752,
      "tweet_id": 798633438664232960,
      "bot_score": null,
      "id": 6150460124
    },
    {
      "time": 1479244155,
      "type": 2,
      "user": 2261956672,
      "tweet_id": 798633990601244672,
      "bot_score": 0.2079055732880228,
      "id": 4803056485
    },
    {
      "time": 1479244219,
      "type": 2,
      "user": 2970556406,
      "tweet_id": 798634255924477953,
      "bot_score": null,
      "id": 2256245209
    },
    {
      "time": 1479244270,
      "type": 2,
      "user": 2832455289,
      "tweet_id": 798634471700299776,
      "bot_score": null,
      "id": 3601596640
    },
    {
      "time": 1479244295,
      "type": 2,
      "user": 1540521578,
      "tweet_id": 798634575417090049,
      "bot_score": null,
      "id": 6768489548
    },
    {
      "time": 1479244299,
      "type": 2,
      "user": 5858678133,
      "tweet_id": 798634592374702081,
      "bot_score": null,
      "id": 6652343913
    },
    {
      "time": 1479244300,
      "type": 2,
      "user": 2607553768,
      "tweet_id": 798634598351548416,
      "bot_score": null,
      "id": 8117917635
    },
    {
      "time": 1479244300,
      "type": 2,
      "user": 3644217763,
      "tweet_id": 798634597357522944,
      "bot_score": null,
      "id": 5688986299
    },
    {
      "time": 1479244308,
      "type": 2,
      "user": 3683155578,
      "tweet_id": 798634632145080320,
      "bot_score": null,
      "id": 2580792911
    },
    {
      "time": 1479244308,
      "type": 2,
      "user": 6548101067,
      "tweet_id": 798634631717265409,
      "bot_score": null,
      "id": 7984508621
    },
    {
      "time": 1479244351,
      "type": 2,
      "user": 6539597513,
      "tweet_id": 798634811770503168,
      "bot_score": null,
      "id": 3764782821
    },
    {
      "time": 1479244391,
      "type": 2,
      "user": 9816110457,
      "tweet_id": 798634979731177472,
      "bot_score": null,
      "id": 9730861816
    },
    {
      "time": 1479244428,
      "type": 2,
      "user": 2133437494,
      "tweet_id": 798635135646232576,
      "bot_score": null,
      "id": 2719434480
    },
    {
      "time": 1479244526,
      "type": 2,
      "user": 1234283326,
      "tweet_id": 798635545169657857,
      "bot_score": null,
      "id": 3419991481
    },
    {
      "time": 1479244677,
      "type": 2,
      "user": 6277742181,
      "tweet_id": 798636179054882817,
      "bot_score": null,
      "id": 5908030718,
      "children": [
        {
          "time": 1479270022,
          "type": 3,
          "user": 8198603127,
          "tweet_id": 798636786448789504,
          "bot_score": 0.3551862170861128,
          "id": 1734479740
        }
      ]
    },
    {
      "time": 1479245036,
      "type": 2,
      "user": 7926774030,
      "tweet_id": 798637684495450112,
      "bot_score": null,
      "id": 1227939825
    },
    {
      "time": 1479245041,
      "type": 2,
      "user": 4719303858,
      "tweet_id": 798637703180890112,
      "bot_score": 0.7409598586102422,
      "id": 4824261481
    },
    {
      "time": 1479245118,
      "type": 2,
      "user": 8061091505,
      "tweet_id": 798638029669826560,
      "bot_score": null,
      "id": 4645406028
    },
    {
      "time": 1479245123,
      "type": 2,
      "user": 1256836385,
      "tweet_id": 798638047210323968,
      "bot_score": null,
      "id": 6345766657
    },
    {
      "time": 1479245940,
      "type": 2,
      "user": 8581398139,
      "tweet_id": 798641475496058880,
      "bot_score": null,
      "id": 5688842896
    },
    {
      "time": 1479246146,
      "type": 2,
      "user": 9951035564,
      "tweet_id": 798642339988193280,
      "bot_score": null,
      "id": 5418337141
    },
    {
      "time": 1479246268,
      "type": 2,
      "user": 4352907254,
      "tweet_id": 798642852024594433,
      "bot_score": null,
      "id": 2620738355
    },
    {
      "time": 1479246268,
      "type": 2,
      "user": 2267284967,
      "tweet_id": 798642851231866881,
      "bot_score": null,
      "id": 9750849013
    },
    {
      "time": 1479246372,
      "type": 2,
      "user": 5690712285,
      "tweet_id": 798643287837945856,
      "bot_score": null,
      "id": 9732307604
    },
    {
      "time": 1479246396,
      "type": 2,
      "user": 8085239507,
      "tweet_id": 798643386848866305,
      "bot_score": null,
      "id": 7592278971
    },
    {
      "time": 1479246546,
      "type": 2,
      "user": 9708292185,
      "tweet_id": 798644017617633282,
      "bot_score": null,
      "id": 9958781797
    },
    {
      "time": 1479246553,
      "type": 2,
      "user": 7753250558,
      "tweet_id": 798644047841660928,
      "bot_score": null,
      "id": 7958567395
    },
    {
      "time": 1479246974,
      "type": 2,
      "user": 4195108482,
      "tweet_id": 798645810821033984,
      "bot_score": null,
      "id": 3496615753
    },
    {
      "time": 1479247541,
      "type": 2,
      "user": 9040520540,
      "tweet_id": 798648190518099968,
      "bot_score": null,
      "id": 3729660449
    },
    {
      "time": 1479247571,
      "type": 2,
      "user": 4195452504,
      "tweet_id": 798648316414132224,
      "bot_score": null,
      "id": 8664740946
    },
    {
      "time": 1479247657,
      "type": 2,
      "user": 5097575483,
      "tweet_id": 798648676570644480,
      "bot_score": null,
      "id": 1729045205
    },
    {
      "time": 1479247721,
      "type": 2,
      "user": 1272668926,
      "tweet_id": 798648946784489472,
      "bot_score": null,
      "id": 3444429752
    },
    {
      "time": 1479248005,
      "type": 2,
      "user": 9320319590,
      "tweet_id": 798650135869681664,
      "bot_score": null,
      "id": 5959921240
    },
    {
      "time": 1479248020,
      "type": 2,
      "user": 1833557501,
      "tweet_id": 798650199644262401,
      "bot_score": null,
      "id": 7777757566
    },
    {
      "time": 1479248208,
      "type": 2,
      "user": 1071809847,
      "tweet_id": 798650990199209984,
      "bot_score": null,
      "id": 2607031157
    },
    {
      "time": 1479248256,
      "type": 2,
      "user": 2572793900,
      "tweet_id": 798651189826985984,
      "bot_score": null,
      "id": 9687272740
    },
    {
      "time": 1479248474,
      "type": 2,
      "user": 4352888550,
      "tweet_id": 798652104516648960,
      "bot_score": 0.05624491210051878,
      "id": 9368066881
    },
    {
      "time": 1479248567,
      "type": 2,
      "user": 4483246201,
      "tweet_id": 798652493676867584,
      "bot_score": null,
      "id": 4416442450
    },
    {
      "time": 1479248832,
      "type": 2,
      "user": 7449783641,
      "tweet_id": 798653605276504064,
      "bot_score": null,
      "id": 6421766335
    },
    {
      "time": 1479249479,
      "type": 2,
      "user": 4987021666,
      "tweet_id": 798656320173842433,
      "bot_score": null,
      "id": 7648462404
    },
    {
      "time": 1479249582,
      "type": 2,
      "user": 3326588160,
      "tweet_id": 798656750798811137,
      "bot_score": 0.07651310672792835,
      "id": 5728101654
    },
    {
      "time": 1479249934,
      "type": 2,
      "user": 5019265106,
      "tweet_id": 798658229144141825,
      "bot_score": null,
      "id": 9340645856,
      "children": [
        {
          "time": 1479279559,
          "type": 3,
          "user": 3539602317,
          "tweet_id": 798676787446288384,
          "bot_score": 0.23633691139538376,
          "id": 1199072232
        }
      ]
    },
    {
      "time": 1479250010,
      "type": 2,
      "user": 2121665404,
      "tweet_id": 798658547164663808,
      "bot_score": null,
      "id": 6596656745
    },
    {
      "time": 1479250136,
      "type": 2,
      "user": 6324494297,
      "tweet_id": 798659073554219008,
      "bot_score": null,
      "id": 7527498879
    },
    {
      "time": 1479250347,
      "type": 2,
      "user": 1129598571,
      "tweet_id": 798659959739158529,
      "bot_score": null,
      "id": 8632439774
    },
    {
      "time": 1479250355,
      "type": 2,
      "user": 5435318032,
      "tweet_id": 798659992165285888,
      "bot_score": 0.04811366570775446,
      "id": 3893635735
    },
    {
      "time": 1479250427,
      "type": 2,
      "user": 8942871102,
      "tweet_id": 798660297321955328,
      "bot_score": null,
      "id": 2743270277
    },
    {
      "time": 1479250625,
      "type": 2,
      "user": 8300719795,
      "tweet_id": 798661125625651200,
      "bot_score": null,
      "id": 3495189679
    },
    {
      "time": 1479250711,
      "type": 2,
      "user": 4743343363,
      "tweet_id": 798661488785457152,
      "bot_score": null,
      "id": 7222915810
    },
    {
      "time": 1479250807,
      "type": 2,
      "user": 1707316694,
      "tweet_id": 798661888070533121,
      "bot_score": null,
      "id": 4091268828
    },
    {
      "time": 1479251007,
      "type": 2,
      "user": 2875037565,
      "tweet_id": 798662726482468864,
      "bot_score": null,
      "id": 6718472351
    },
    {
      "time": 1479251074,
      "type": 2,
      "user": 1158847073,
      "tweet_id": 798663007865896965,
      "bot_score": null,
      "id": 3983928709
    },
    {
      "time": 1479251959,
      "type": 2,
      "user": 9280782797,
      "tweet_id": 798666722727313408,
      "bot_score": 0.11116719108518804,
      "id": 6705649071
    },
    {
      "time": 1479252517,
      "type": 2,
      "user": 7013608566,
      "tweet_id": 798669060632289281,
      "bot_score": null,
      "id": 9431790988
    },
    {
      "time": 1479252998,
      "type": 2,
      "user": 3585138445,
      "tweet_id": 798671079392694273,
      "bot_score": null,
      "id": 5186365407
    },
    {
      "time": 1479253005,
      "type": 2,
      "user": 8904900507,
      "tweet_id": 798671109210017792,
      "bot_score": null,
      "id": 7008502577
    },
    {
      "time": 1479253113,
      "type": 2,
      "user": 4427093663,
      "tweet_id": 798671559795834880,
      "bot_score": null,
      "id": 3285012040
    },
    {
      "time": 1479253597,
      "type": 2,
      "user": 7639873122,
      "tweet_id": 798673592259149824,
      "bot_score": null,
      "id": 9526652316
    },
    {
      "time": 1479253836,
      "type": 2,
      "user": 6203934234,
      "tweet_id": 798674592088854528,
      "bot_score": 0.3742667881821624,
      "id": 7167371483
    },
    {
      "time": 1479253851,
      "type": 2,
      "user": 1087956579,
      "tweet_id": 798674658375528448,
      "bot_score": null,
      "id": 7336460910
    },
    {
      "time": 1479254508,
      "type": 2,
      "user": 6656138675,
      "tweet_id": 798677412385062916,
      "bot_score": 0.8358285757752799,
      "id": 6607656833
    },
    {
      "time": 1479254662,
      "type": 2,
      "user": 9389272049,
      "tweet_id": 798678057418653696,
      "bot_score": null,
      "id": 9432335063
    },
    {
      "time": 1479254796,
      "type": 2,
      "user": 7234056029,
      "tweet_id": 798678622521454593,
      "bot_score": 0.3742667881821624,
      "id": 1098001261,
      "children": [
        {
          "time": 1479280118,
          "type": 3,
          "user": 7234056029,
          "tweet_id": 798679132049723392,
          "bot_score": 0.3742667881821624,
          "id": 5825321195
        },
        {
          "time": 1479255053,
          "type": 4,
          "user": 8597821948,
          "tweet_id": 798679697563512836,
          "sentiment": 0.0,
          "id": 9458967026
        }
      ]
    },
    {
      "time": 1479255241,
      "type": 2,
      "user": 6777522757,
      "tweet_id": 798680485060820993,
      "bot_score": 0.11116719108518804,
      "id": 9964758975,
      "children": [
        {
          "time": 1479280543,
          "type": 3,
          "user": 1903937395,
          "tweet_id": 798680913894850560,
          "bot_score": 0.14812070832967303,
          "id": 6043933412
        },
        {
          "time": 1479280555,
          "type": 3,
          "user": 4259997656,
          "tweet_id": 798680965589716992,
          "bot_score": 0.15881746424200632,
          "id": 5859558053
        },
        {
          "time": 1479281813,
          "type": 3,
          "user": 4840086080,
          "tweet_id": 798686241474506752,
          "bot_score": 0.14812070832967303,
          "id": 9855940710,
          "children": [
            {
              "time": 1479281890,
              "type": 3,
              "user": 3236641658,
              "tweet_id": 798686564926619648,
              "bot_score": 0.05624491210051878,
              "id": 8175657597
            },
            {
              "time": 1479282052,
              "type": 3,
              "user": 2739109698,
              "tweet_id": 798687243313483776,
              "bot_score": 0.05202936550695904,
              "id": 3211629280
            },
            {
              "time": 1479283394,
              "type": 3,
              "user": 4627781597,
              "tweet_id": 798692871096463360,
              "bot_score": 0.23633691139538376,
              "id": 7731091349,
              "children": [
                {
                  "time": 1479285669,
                  "type": 3,
                  "user": 1299965499,
                  "tweet_id": 798702415860080641,
                  "bot_score": 0.33655519548719853,
                  "id": 5638009948
                }
              ]
            }
          ]
        }
      ]
    },
    {
      "time": 1479255503,
      "type": 2,
      "user": 8446290441,
      "tweet_id": 798681587122573313,
      "bot_score": null,
      "id": 3961367881
    },
    {
      "time": 1479255835,
      "type": 2,
      "user": 8260031254,
      "tweet_id": 798682978532458496,
      "bot_score": null,
      "id": 7912762177
    },
    {
      "time": 1479255953,
      "type": 2,
      "user": 2019072114,
      "tweet_id": 798683474278260740,
      "bot_score": null,
      "id": 9694136921
    },
    {
      "time": 1479256260,
      "type": 2,
      "user": 1986275564,
      "tweet_id": 798684762097348608,
      "bot_score": 0.5565870373496533,
      "id": 7969017673
    },
    {
      "time": 1479256628,
      "type": 2,
      "user": 6376971099,
      "tweet_id": 798686305563459585,
      "bot_score": 0.07651310672792835,
      "id": 7077612499
    },
    {
      "time": 1479256986,
      "type": 2,
      "user": 4454273387,
      "tweet_id": 798687805157216256,
      "bot_score": 0.03508264339315584,
      "id": 4675458652,
      "children": [
        {
          "time": 1479282282,
          "type": 3,
          "user": 7154878351,
          "tweet_id": 798688207831318529,
          "bot_score": 0.07651310672792835,
          "id": 5878923021
        },
        {
          "time": 1479282985,
          "type": 3,
          "user": 8722843697,
          "tweet_id": 798691158465662976,
          "bot_score": 0.26734400306340506,
          "id": 6080484283
        },
        {
          "time": 1479283004,
          "type": 3,
          "user": 1962805422,
          "tweet_id": 798691235334496256,
          "bot_score": 0.49505756400804624,
          "id": 8871579220
        },
        {
          "time": 1479283194,
          "type": 3,
          "user": 4887974639,
          "tweet_id": 798692032273227776,
          "bot_score": 0.0254864249403189,
          "id": 3068628696
        }
      ]
    },
    {
      "time": 1479257631,
      "type": 2,
      "user": 6519135029,
      "tweet_id": 798690511628410881,
      "bot_score": 0.04447883217419818,
      "id": 1446261164
    },
    {
      "time": 1479257796,
      "type": 2,
      "user": 8805934374,
      "tweet_id": 798691205156466688,
      "bot_score": null,
      "id": 3629665166
    },
    {
      "time": 1479259272,
      "type": 2,
      "user": 1724937570,
      "tweet_id": 798697392451166208,
      "bot_score": null,
      "id": 6886411047
    },
    {
      "time": 1479261076,
      "type": 2,
      "user": 7865901532,
      "tweet_id": 798704960120778752,
      "bot_score": null,
      "id": 7778375632
    },
    {
      "time": 1479261161,
      "type": 2,
      "user": 2857681303,
      "tweet_id": 798705315982110720,
      "bot_score": 0.06565556198004287,
      "id": 7377564921
    },
    {
      "time": 1479261357,
      "type": 2,
      "user": 2937791030,
      "tweet_id": 798706139647135744,
      "bot_score": null,
      "id": 7050894195
    },
    {
      "time": 1479261596,
      "type": 2,
      "user": 6887448008,
      "tweet_id": 798707141037146112,
      "bot_score": null,
      "id": 2284974091,
      "children": [
        {
          "time": 1479287797,
          "type": 3,
          "user": 7869844910,
          "tweet_id": 798711341292879872,
          "bot_score": null,
          "id": 9528846181
        }
      ]
    },
    {
      "time": 1479261956,
      "type": 2,
      "user": 1791398315,
      "tweet_id": 798708653184450560,
      "bot_score": null,
      "id": 6206198106
    },
    {
      "time": 1479262980,
      "type": 2,
      "user": 8270370450,
      "tweet_id": 798712945157042177,
      "bot_score": null,
      "id": 6222581983
    },
    {
      "time": 1479264580,
      "type": 2,
      "user": 9993361471,
      "tweet_id": 798719659524534272,
      "bot_score": 0.041106740219567735,
      "id": 2061808768
    },
    {
      "time": 1479266772,
      "type": 2,
      "user": 6002979719,
      "tweet_id": 798728850012311557,
      "bot_score": null,
      "id": 4904772492
    },
    {
      "time": 1479268175,
      "type": 2,
      "user": 6547883190,
      "tweet_id": 798734736449503233,
      "bot_score": null,
      "id": 6375304681
    },
    {
      "time": 1479268215,
      "type": 2,
      "user": 6547883190,
      "tweet_id": 798734902657187840,
      "bot_score": null,
      "id": 9395688338
    },
    {
      "time": 1479268844,
      "type": 2,
      "user": 3290831928,
      "tweet_id": 798737543239901186,
      "bot_score": null,
      "id": 8185437180
    },
    {
      "time": 1479269434,
      "type": 2,
      "user": 1671316537,
      "tweet_id": 798740018135232512,
      "bot_score": null,
      "id": 7743438357
    },
    {
      "time": 1479274014,
      "type": 2,
      "user": 2921439211,
      "tweet_id": 798759226105434113,
      "bot_score": 0.1701324265302999,
      "id": 2055475346
    },
    {
      "time": 1479276066,
      "type": 2,
      "user": 2615927432,
      "tweet_id": 798767833735798784,
      "bot_score": 0.07651310672792835,
      "id": 6542815230
    },
    {
      "time": 1479277949,
      "type": 2,
      "user": 4791346345,
      "tweet_id": 798775731446657025,
      "bot_score": 0.06078011352084069,
      "id": 1374003144
    },
    {
      "time": 1479278610,
      "type": 2,
      "user": 2267284967,
      "tweet_id": 798778504762433536,
      "bot_score": null,
      "id": 6589116177
    },
    {
      "time": 1479278610,
      "type": 2,
      "user": 4352907254,
      "tweet_id": 798778502568779777,
      "bot_score": null,
      "id": 5929388796
    },
    {
      "time": 1479281926,
      "type": 2,
      "user": 1343264604,
      "tweet_id": 798792413623922688,
      "bot_score": null,
      "id": 4763258318
    },
    {
      "time": 1479282090,
      "type": 2,
      "user": 8649991001,
      "tweet_id": 798793098033696768,
      "bot_score": 0.03508264339315584,
      "id": 6000274108
    },
    {
      "time": 1479284465,
      "type": 2,
      "user": 5339092535,
      "tweet_id": 798803059828662272,
      "bot_score": null,
      "id": 9144909207
    },
    {
      "time": 1479284599,
      "type": 2,
      "user": 8927961620,
      "tweet_id": 798803622892965889,
      "bot_score": null,
      "id": 8718575873
    },
    {
      "time": 1479286899,
      "type": 2,
      "user": 2423990284,
      "tweet_id": 798813271209844737,
      "bot_score": null,
      "id": 8512650674
    },
    {
      "time": 1479287340,
      "type": 2,
      "user": 3094209963,
      "tweet_id": 798815118813343744,
      "bot_score": 0.6545596461071505,
      "id": 6789034725
    },
    {
      "time": 1479289092,
      "type": 2,
      "user": 1943083050,
      "tweet_id": 798822469427544067,
      "bot_score": null,
      "id": 6087874870
    },
    {
      "time": 1479289400,
      "type": 2,
      "user": 3462492547,
      "tweet_id": 798823758337228804,
      "bot_score": null,
      "id": 5455764337,
      "children": [
        {
          "time": 1479290446,
          "type": 4,
          "user": 5841321226,
          "tweet_id": 798828148825522176,
          "sentiment": 0.0,
          "id": 7712656271
        }
      ]
    },
    {
      "time": 1479290286,
      "type": 2,
      "user": 9436264310,
      "tweet_id": 798827474486337537,
      "bot_score": null,
      "id": 7424629726
    },
    {
      "time": 1479291560,
      "type": 2,
      "user": 8261165421,
      "tweet_id": 798832820558798849,
      "bot_score": null,
      "id": 2865773735
    },
    {
      "time": 1479293533,
      "type": 2,
      "user": 6858377553,
      "tweet_id": 798841093479510016,
      "bot_score": null,
      "id": 7071972527
    },
    {
      "time": 1479296716,
      "type": 2,
      "user": 2975970387,
      "tweet_id": 798854445178048512,
      "bot_score": null,
      "id": 2911698125
    },
    {
      "time": 1479297212,
      "type": 2,
      "user": 7193590607,
      "tweet_id": 798856527213776896,
      "bot_score": null,
      "id": 2978727377
    },
    {
      "time": 1479301264,
      "type": 2,
      "user": 5733703037,
      "tweet_id": 798873520126197761,
      "bot_score": 0.05624491210051878,
      "id": 6402956410
    },
    {
      "time": 1479305889,
      "type": 2,
      "user": 1599398587,
      "tweet_id": 798892921273466881,
      "bot_score": null,
      "id": 8846107025
    },
    {
      "time": 1479307959,
      "type": 2,
      "user": 2432472291,
      "tweet_id": 798901602731986945,
      "bot_score": null,
      "id": 8164023734
    },
    {
      "time": 1479309736,
      "type": 2,
      "user": 9998854626,
      "tweet_id": 798909054655479808,
      "bot_score": null,
      "id": 5095828123
    },
    {
      "time": 1479312117,
      "type": 2,
      "user": 4256203823,
      "tweet_id": 798919042446675968,
      "bot_score": null,
      "id": 3733461803
    },
    {
      "time": 1479325620,
      "type": 2,
      "user": 7294396742,
      "tweet_id": 798975678779564032,
      "bot_score": null,
      "id": 9688052577
    },
    {
      "time": 1479329927,
      "type": 2,
      "user": 3640823628,
      "tweet_id": 798993741356957696,
      "bot_score": null,
      "id": 5647230907
    },
    {
      "time": 1479367284,
      "type": 2,
      "user": 1751041210,
      "tweet_id": 799150429166768128,
      "bot_score": null,
      "id": 4025930164
    },
    {
      "time": 1479381730,
      "type": 2,
      "user": 5232512796,
      "tweet_id": 799211020862427136,
      "bot_score": null,
      "id": 2969167114
    },
    {
      "time": 1479382103,
      "type": 2,
      "user": 2186918507,
      "tweet_id": 799212583832219648,
      "bot_score": null,
      "id": 5186929048
    },
    {
      "time": 1479428445,
      "type": 2,
      "user": 4815389700,
      "tweet_id": 799406958705000448,
      "bot_score": 0.037980136466376074,
      "id": 8920560217
    },
    {
      "time": 1479519259,
      "type": 2,
      "user": 5262842813,
      "tweet_id": 799787860274528256,
      "bot_score": null,
      "id": 2651140582
    },
    {
      "time": 1479615542,
      "type": 2,
      "user": 4941141385,
      "tweet_id": 800191697472786432,
      "bot_score": 0.041106740219567735,
      "id": 9025917663
    },
    {
      "time": 1479631784,
      "type": 2,
      "user": 3205108067,
      "tweet_id": 800259822335750144,
      "bot_score": null,
      "id": 5194856224,
      "children": [
        {
          "time": 1479660393,
          "type": 3,
          "user": 4375568490,
          "tweet_id": 800274119589822464,
          "bot_score": 0.05202936550695904,
          "id": 1600892997
        }
      ]
    },
    {
      "time": 1479644308,
      "type": 2,
      "user": 9041210593,
      "tweet_id": 800312350649761793,
      "bot_score": null,
      "id": 5573801704
    },
    {
      "time": 1479654866,
      "type": 2,
      "user": 7197152129,
      "tweet_id": 800356637567582213,
      "bot_score": null,
      "id": 2723027050
    },
    {
      "time": 1480134325,
      "type": 2,
      "user": 4049770147,
      "tweet_id": 802367632624193536,
      "bot_score": null,
      "id": 4739999222
    },
    {
      "time": 1480256668,
      "type": 2,
      "user": 1445959635,
      "tweet_id": 802880774613520384,
      "bot_score": 0.25152334764543,
      "id": 9122999485
    },
    {
      "time": 1481765673,
      "type": 2,
      "user": 1255567544,
      "tweet_id": 809210002888151044,
      "bot_score": 0.11956986651967942,
      "id": 4875298076
    },
    {
      "time": 1505423892,
      "type": 2,
      "user": 5957191279,
      "tweet_id": 908439764751204352,
      "bot_score": 0.5156433305312286,
      "id": 4610442410,
      "children": [
        {
          "time": 1507108941,
          "type": 3,
          "user": 6624433779,
          "tweet_id": 915401675786960896,
          "bot_score": 0.15881746424200632,
          "id": 3515257216
        },
        {
          "time": 1505425872,
          "type": 4,
          "user": 8809230996,
          "tweet_id": 908448069565296640,
          "sentiment": 0.5927,
          "id": 4647750746
        }
      ]
    },
    {
      "time": 1506902083,
      "type": 2,
      "user": 6751067265,
      "tweet_id": 914639747699658752,
      "bot_score": null,
      "id": 4987741350,
      "children": [
        {
          "time": 1507108853,
          "type": 3,
          "user": 6624433779,
          "tweet_id": 915401308634365952,
          "bot_score": 0.15881746424200632,
          "id": 4430320561
        }
      ]
    },
    {
      "time": 1524145006,
      "type": 2,
      "user": 7767240438,
      "tweet_id": 986961805720326145,
      "bot_score": null,
      "id": 6083502005,
      "children": [
        {
          "time": 1524228836,
          "type": 3,
          "user": 3512447523,
          "tweet_id": 987207719819071488,
          "bot_score": 0.5156433305312286,
          "id": 9893659188
        }
      ]
    },
    {
      "time": 1524265019,
      "type": 2,
      "user": 5738316048,
      "tweet_id": 987465177439330305,
      "bot_score": 0.1701324265302999,
      "id": 2113234571
    }
  ]
}
